,PC 1,PC 2,PC 3,PC 4,PC 5,PC 6,PC 7,PC 8,PC 9,PC 10,PC 11,PC 12,PC 13,PC 14,PC 15,PC 16,PC 17,PC 18,PC 19,PC 20,PC 21,PC 22,PC 23,PC 24,PC 25,PC 26,PC 27,PC 28,PC 29,PC 30
0,RA_SentComp_bert - 0.295920,SV_SubjRelClause_txl - 0.360896,RA_ObjRelClauseThat_bert - 0.396283,RA_ObjRelClauseThat_txl - 0.358577,SV_SentComp_txl - 0.380299,SV_ObjRelClauseNoThat_bert - 0.428711,SV_PP_bert - 0.322537,SV_SentComp_bert - 0.507788,SV_SubjRelClause_bert - 0.656711,SV_SentComp_gpt2 - 0.483261,SV_Simple_txl - 0.330544,RA_SentComp_bert - 0.385493,SV_Simple_bert - 0.509705,SV_PP_gpt2 - 0.530867,SV_ObjRelClauseNoThat_gpt2 - 0.508597,SV_PP_txl - 0.626809,SV_PP_bert - 0.455859,SV_ObjRelClauseThat_gpt2 - 0.494138,SV_ObjRelClauseThat_bert - 0.559445,RA_SentComp_txl - 0.376222,SV_SentComp_txl - 0.527906,SV_Simple_gpt2 - 0.509741,SV_SubjRelClause_txl - 0.612547,RA_SentComp_gpt2 - 0.484407,RA_ObjRelClauseNoThat_gpt2 - 0.436258,RA_ObjRelClauseThat_gpt2 - 0.491506,RA_Simple_gpt2 - 0.481832,RA_SentComp_bert - 0.518203,RA_SentComp_txl - 0.610882,RA_ObjRelClauseThat_bert - 0.640984
1,RA_Simple_bert - 0.286701,SV_ObjRelClauseNoThat_txl - 0.352471,RA_ObjRelClauseNoThat_bert - 0.378667,SV_Simple_gpt2 - 0.322847,SV_ObjRelClauseThat_gpt2 - 0.373993,SV_PP_bert - 0.420158,SV_ObjRelClauseThat_gpt2 - 0.300763,SV_SubjRelClause_gpt2 - 0.380533,SV_Simple_txl - 0.281223,SV_Simple_bert - 0.350158,SV_ObjRelClauseThat_gpt2 - 0.302531,RA_Simple_bert - 0.377213,SV_ObjRelClauseNoThat_txl - 0.416823,SV_SubjRelClause_gpt2 - 0.453864,SV_SentComp_bert - 0.381659,SV_ObjRelClauseNoThat_txl - 0.296991,SV_ObjRelClauseNoThat_bert - 0.433062,SV_SubjRelClause_gpt2 - 0.438019,SV_ObjRelClauseNoThat_bert - 0.413563,RA_SentComp_gpt2 - 0.337053,SV_Simple_txl - 0.499780,SV_Simple_txl - 0.399508,SV_ObjRelClauseThat_txl - 0.404090,RA_SentComp_txl - 0.376334,RA_ObjRelClauseNoThat_txl - 0.408556,RA_ObjRelClauseNoThat_gpt2 - 0.456372,RA_ObjRelClauseThat_gpt2 - 0.390758,RA_Simple_bert - 0.472858,RA_Simple_txl - 0.607095,RA_ObjRelClauseNoThat_bert - 0.640730
2,RA_SentComp_txl - 0.286406,SV_ObjRelClauseThat_txl - 0.325284,SV_ObjRelClauseThat_bert - 0.378180,SV_ObjRelClauseThat_txl - 0.289985,SV_Simple_txl - 0.356521,SV_ObjRelClauseThat_bert - 0.386567,RA_ObjRelClauseThat_txl - 0.270963,SV_SubjRelClause_bert - 0.346095,RA_ObjRelClauseNoThat_bert - 0.231579,SV_SubjRelClause_bert - 0.327695,SV_ObjRelClauseNoThat_txl - 0.279483,SV_PP_bert - 0.338617,SV_PP_gpt2 - 0.272861,SV_Simple_bert - 0.328494,SV_SubjRelClause_gpt2 - 0.358086,RA_SentComp_bert - 0.252864,SV_SentComp_gpt2 - 0.285170,SV_ObjRelClauseThat_bert - 0.291444,SV_ObjRelClauseThat_gpt2 - 0.348454,RA_ObjRelClauseThat_txl - 0.294682,SV_Simple_gpt2 - 0.429096,SV_PP_gpt2 - 0.336274,RA_ObjRelClauseThat_txl - 0.392617,RA_ObjRelClauseThat_txl - 0.370003,RA_Simple_gpt2 - 0.368663,RA_ObjRelClauseThat_txl - 0.351103,RA_SentComp_gpt2 - 0.321443,RA_Simple_gpt2 - 0.440112,RA_ObjRelClauseNoThat_bert - 0.243575,RA_Simple_txl - 0.243799
3,RA_SentComp_gpt2 - 0.282492,SV_PP_txl - 0.312693,SV_ObjRelClauseNoThat_bert - 0.347739,SV_SubjRelClause_gpt2 - 0.287394,SV_ObjRelClauseNoThat_gpt2 - 0.290019,SV_SentComp_bert - 0.335627,RA_Simple_txl - 0.269564,SV_Simple_bert - 0.257972,SV_SentComp_txl - 0.218238,SV_Simple_gpt2 - 0.294125,SV_SentComp_txl - 0.263297,SV_ObjRelClauseNoThat_txl - 0.326737,SV_SubjRelClause_txl - 0.224988,SV_ObjRelClauseNoThat_gpt2 - 0.306773,SV_Simple_bert - 0.303460,RA_Simple_bert - 0.249969,RA_ObjRelClauseThat_bert - 0.282393,SV_PP_txl - 0.285260,SV_ObjRelClauseNoThat_gpt2 - 0.276725,RA_ObjRelClauseNoThat_gpt2 - 0.287797,SV_SentComp_gpt2 - 0.275531,SV_SentComp_txl - 0.307528,SV_PP_txl - 0.281008,RA_ObjRelClauseThat_gpt2 - 0.318285,RA_Simple_bert - 0.307800,RA_ObjRelClauseNoThat_txl - 0.347161,RA_SentComp_bert - 0.318813,RA_SentComp_gpt2 - 0.415767,RA_ObjRelClauseThat_bert - 0.238158,RA_SentComp_txl - 0.169374
4,RA_ObjRelClauseNoThat_gpt2 - 0.281529,SV_ObjRelClauseNoThat_gpt2 - 0.275005,SV_SubjRelClause_gpt2 - 0.313896,RA_ObjRelClauseNoThat_txl - 0.275935,SV_SubjRelClause_bert - 0.233644,SV_PP_txl - 0.250017,SV_PP_txl - 0.256996,SV_SentComp_txl - 0.227009,SV_ObjRelClauseThat_bert - 0.205416,SV_PP_gpt2 - 0.216997,RA_ObjRelClauseNoThat_txl - 0.259243,SV_SentComp_bert - 0.275082,RA_ObjRelClauseThat_txl - 0.217367,SV_SentComp_bert - 0.254514,SV_ObjRelClauseThat_bert - 0.206280,SV_ObjRelClauseThat_txl - 0.232266,SV_Simple_gpt2 - 0.253346,SV_ObjRelClauseNoThat_bert - 0.271128,RA_ObjRelClauseNoThat_gpt2 - 0.233487,RA_ObjRelClauseNoThat_txl - 0.261688,SV_PP_gpt2 - 0.210109,RA_ObjRelClauseNoThat_gpt2 - 0.251531,RA_ObjRelClauseNoThat_txl - 0.274747,RA_Simple_txl - 0.317981,RA_SentComp_bert - 0.304027,SV_ObjRelClauseThat_txl - 0.342471,RA_ObjRelClauseThat_txl - 0.283473,RA_Simple_txl - 0.247771,RA_Simple_gpt2 - 0.201581,RA_Simple_bert - 0.162888
5,RA_Simple_gpt2 - 0.272048,SV_SentComp_gpt2 - 0.228546,SV_ObjRelClauseThat_gpt2 - 0.260246,RA_ObjRelClauseThat_bert - 0.250093,SV_SentComp_gpt2 - 0.200397,SV_SubjRelClause_txl - 0.229318,SV_SentComp_gpt2 - 0.238224,SV_PP_txl - 0.214540,SV_SentComp_bert - 0.198713,SV_ObjRelClauseNoThat_gpt2 - 0.210447,RA_ObjRelClauseThat_gpt2 - 0.256342,SV_PP_gpt2 - 0.250358,SV_PP_bert - 0.208941,RA_SentComp_gpt2 - 0.212818,RA_ObjRelClauseNoThat_gpt2 - 0.189274,SV_SentComp_txl - 0.199795,RA_SentComp_gpt2 - 0.246282,SV_ObjRelClauseNoThat_gpt2 - 0.259953,SV_PP_bert - 0.224721,RA_ObjRelClauseThat_gpt2 - 0.238500,SV_Simple_bert - 0.145785,SV_SentComp_gpt2 - 0.240269,RA_ObjRelClauseNoThat_gpt2 - 0.191722,SV_ObjRelClauseThat_txl - 0.250619,SV_SentComp_txl - 0.254498,SV_SubjRelClause_txl - 0.208042,RA_Simple_bert - 0.274435,RA_SentComp_txl - 0.194826,RA_SentComp_bert - 0.123410,RA_SentComp_bert - 0.107256
6,RA_Simple_txl - 0.267582,RA_ObjRelClauseThat_gpt2 - 0.222556,SV_ObjRelClauseNoThat_gpt2 - 0.231357,SV_SentComp_gpt2 - 0.247088,SV_SentComp_bert - 0.199160,SV_SentComp_gpt2 - 0.211826,RA_ObjRelClauseNoThat_txl - 0.200469,SV_ObjRelClauseThat_txl - 0.209168,SV_Simple_gpt2 - 0.197313,SV_SentComp_bert - 0.204307,SV_SubjRelClause_bert - 0.235841,SV_SentComp_gpt2 - 0.247044,SV_ObjRelClauseThat_bert - 0.205576,SV_ObjRelClauseNoThat_txl - 0.198950,RA_ObjRelClauseNoThat_bert - 0.182728,SV_SubjRelClause_bert - 0.196225,SV_ObjRelClauseNoThat_txl - 0.234246,SV_SubjRelClause_txl - 0.238607,SV_SentComp_bert - 0.187990,RA_Simple_txl - 0.224249,RA_ObjRelClauseNoThat_gpt2 - 0.142175,RA_ObjRelClauseNoThat_txl - 0.237720,SV_PP_gpt2 - 0.167723,RA_Simple_bert - 0.210882,SV_ObjRelClauseNoThat_txl - 0.241207,SV_ObjRelClauseNoThat_gpt2 - 0.201628,SV_ObjRelClauseThat_txl - 0.251710,RA_ObjRelClauseNoThat_bert - 0.085576,RA_SentComp_gpt2 - 0.119936,RA_Simple_gpt2 - 0.098924
7,RA_ObjRelClauseNoThat_txl - 0.246622,SV_Simple_bert - 0.211503,SV_PP_bert - 0.189096,RA_ObjRelClauseNoThat_bert - 0.243624,RA_ObjRelClauseThat_gpt2 - 0.192038,RA_ObjRelClauseThat_txl - 0.192413,RA_ObjRelClauseThat_bert - 0.200167,SV_SentComp_gpt2 - 0.203429,SV_SentComp_gpt2 - 0.196912,SV_ObjRelClauseThat_txl - 0.202944,RA_Simple_bert - 0.228105,RA_ObjRelClauseNoThat_txl - 0.225761,RA_SentComp_bert - 0.188951,RA_Simple_gpt2 - 0.172852,SV_ObjRelClauseNoThat_txl - 0.176429,SV_PP_gpt2 - 0.184982,RA_ObjRelClauseNoThat_bert - 0.228547,SV_ObjRelClauseThat_txl - 0.214748,SV_ObjRelClauseNoThat_txl - 0.177527,SV_Simple_txl - 0.221944,RA_Simple_gpt2 - 0.136754,SV_PP_bert - 0.197052,RA_Simple_txl - 0.133073,RA_ObjRelClauseNoThat_txl - 0.190949,SV_Simple_txl - 0.189463,SV_ObjRelClauseNoThat_txl - 0.193546,RA_ObjRelClauseNoThat_txl - 0.244942,SV_ObjRelClauseNoThat_txl - 0.083715,SV_PP_txl - 0.113809,SV_ObjRelClauseNoThat_bert - 0.096132
8,RA_ObjRelClauseThat_gpt2 - 0.240291,RA_Simple_gpt2 - 0.200926,SV_SubjRelClause_bert - 0.178794,RA_Simple_txl - 0.227485,SV_ObjRelClauseNoThat_bert - 0.191862,SV_SubjRelClause_bert - 0.191441,SV_ObjRelClauseNoThat_bert - 0.194711,SV_ObjRelClauseNoThat_bert - 0.189735,RA_ObjRelClauseThat_bert - 0.190783,RA_Simple_bert - 0.200524,SV_SentComp_bert - 0.207450,SV_SubjRelClause_txl - 0.217878,SV_SentComp_txl - 0.187974,RA_ObjRelClauseThat_gpt2 - 0.155148,SV_SubjRelClause_txl - 0.172800,SV_PP_bert - 0.174523,RA_ObjRelClauseThat_gpt2 - 0.178133,RA_ObjRelClauseThat_gpt2 - 0.183032,SV_PP_txl - 0.150859,RA_Simple_bert - 0.212623,SV_ObjRelClauseNoThat_gpt2 - 0.122719,SV_Simple_bert - 0.154121,SV_Simple_gpt2 - 0.106724,SV_SentComp_txl - 0.180183,RA_Simple_txl - 0.178470,SV_ObjRelClauseThat_gpt2 - 0.161387,RA_ObjRelClauseNoThat_gpt2 - 0.191869,RA_ObjRelClauseNoThat_txl - 0.073473,SV_SentComp_txl - 0.111316,SV_ObjRelClauseThat_bert - 0.093210
9,SV_PP_gpt2 - 0.216761,SV_ObjRelClauseThat_gpt2 - 0.194285,SV_SentComp_bert - 0.166500,SV_SubjRelClause_txl - 0.212380,SV_ObjRelClauseThat_bert - 0.188726,RA_ObjRelClauseNoThat_txl - 0.158714,SV_ObjRelClauseNoThat_gpt2 - 0.188808,SV_ObjRelClauseThat_bert - 0.180429,SV_ObjRelClauseNoThat_txl - 0.185894,RA_SentComp_bert - 0.199870,SV_Simple_gpt2 - 0.205124,SV_SubjRelClause_bert - 0.196757,RA_Simple_bert - 0.181662,SV_ObjRelClauseThat_bert - 0.144096,SV_ObjRelClauseThat_txl - 0.168503,SV_ObjRelClauseNoThat_bert - 0.170288,SV_PP_txl - 0.167876,RA_SentComp_gpt2 - 0.142102,SV_ObjRelClauseThat_txl - 0.142236,SV_PP_bert - 0.207835,RA_ObjRelClauseThat_gpt2 - 0.110837,SV_ObjRelClauseNoThat_bert - 0.149885,SV_ObjRelClauseThat_gpt2 - 0.099610,SV_Simple_gpt2 - 0.154924,RA_ObjRelClauseThat_gpt2 - 0.172572,RA_Simple_txl - 0.121941,SV_SubjRelClause_txl - 0.150766,SV_SubjRelClause_gpt2 - 0.071813,SV_Simple_txl - 0.096836,RA_ObjRelClauseNoThat_txl - 0.082131
10,RA_ObjRelClauseThat_txl - 0.215661,SV_Simple_txl - 0.192489,SV_PP_gpt2 - 0.156673,SV_PP_gpt2 - 0.205098,SV_Simple_bert - 0.185838,RA_Simple_txl - 0.153766,SV_Simple_bert - 0.185822,RA_SentComp_txl - 0.166641,SV_PP_bert - 0.182692,RA_Simple_gpt2 - 0.191952,SV_ObjRelClauseThat_txl - 0.198299,SV_SubjRelClause_gpt2 - 0.189610,SV_ObjRelClauseNoThat_gpt2 - 0.177193,SV_SentComp_gpt2 - 0.139710,SV_PP_bert - 0.155230,SV_ObjRelClauseThat_gpt2 - 0.161915,SV_SubjRelClause_txl - 0.164720,RA_ObjRelClauseNoThat_txl - 0.115573,RA_ObjRelClauseNoThat_bert - 0.140614,RA_Simple_gpt2 - 0.196846,SV_PP_bert - 0.103960,RA_SentComp_txl - 0.137828,RA_SentComp_gpt2 - 0.094345,SV_SentComp_gpt2 - 0.151783,RA_ObjRelClauseThat_txl - 0.156773,SV_Simple_gpt2 - 0.067994,SV_ObjRelClauseNoThat_gpt2 - 0.135514,RA_ObjRelClauseNoThat_gpt2 - 0.065990,RA_ObjRelClauseThat_gpt2 - 0.092673,SV_ObjRelClauseThat_txl - 0.061598
11,SV_Simple_gpt2 - 0.187545,SV_SentComp_txl - 0.188803,RA_ObjRelClauseNoThat_gpt2 - 0.134852,SV_Simple_bert - 0.190127,SV_PP_gpt2 - 0.181078,SV_PP_gpt2 - 0.143241,RA_SentComp_txl - 0.182328,RA_Simple_txl - 0.147537,RA_ObjRelClauseNoThat_txl - 0.170747,SV_ObjRelClauseNoThat_txl - 0.178126,RA_ObjRelClauseThat_bert - 0.191197,SV_ObjRelClauseThat_gpt2 - 0.172899,SV_SentComp_gpt2 - 0.170651,SV_ObjRelClauseNoThat_bert - 0.112625,RA_Simple_gpt2 - 0.142781,RA_ObjRelClauseNoThat_gpt2 - 0.145877,SV_Simple_bert - 0.156406,SV_SentComp_bert - 0.115481,SV_PP_gpt2 - 0.117911,SV_SubjRelClause_gpt2 - 0.172989,RA_Simple_bert - 0.088963,RA_ObjRelClauseThat_bert - 0.118816,RA_Simple_gpt2 - 0.086076,RA_SentComp_bert - 0.137485,SV_ObjRelClauseNoThat_gpt2 - 0.130601,RA_SentComp_gpt2 - 0.058471,SV_ObjRelClauseThat_gpt2 - 0.119064,RA_ObjRelClauseThat_bert - 0.062632,RA_ObjRelClauseThat_txl - 0.089188,SV_SubjRelClause_txl - 0.054262
12,SV_SentComp_txl - 0.186895,RA_SentComp_gpt2 - 0.184596,SV_ObjRelClauseThat_txl - 0.127301,SV_PP_bert - 0.187683,SV_ObjRelClauseThat_txl - 0.170337,SV_Simple_txl - 0.110820,RA_ObjRelClauseThat_gpt2 - 0.182216,SV_PP_gpt2 - 0.146046,SV_PP_txl - 0.167927,SV_ObjRelClauseThat_gpt2 - 0.140584,RA_SentComp_bert - 0.183930,SV_ObjRelClauseNoThat_bert - 0.157327,RA_ObjRelClauseNoThat_bert - 0.158464,RA_SentComp_bert - 0.102105,SV_PP_gpt2 - 0.137683,SV_SentComp_gpt2 - 0.131186,RA_ObjRelClauseNoThat_txl - 0.135802,SV_Simple_txl - 0.112218,RA_SentComp_bert - 0.115061,SV_Simple_bert - 0.167627,RA_SentComp_gpt2 - 0.088322,RA_ObjRelClauseThat_txl - 0.117478,SV_ObjRelClauseNoThat_bert - 0.071481,RA_ObjRelClauseNoThat_bert - 0.079935,SV_ObjRelClauseThat_txl - 0.121933,RA_SentComp_txl - 0.057970,SV_ObjRelClauseNoThat_txl - 0.108020,SV_PP_gpt2 - 0.038575,SV_ObjRelClauseThat_txl - 0.078365,RA_SentComp_gpt2 - 0.049317
13,SV_Simple_txl - 0.184421,SV_Simple_gpt2 - 0.173830,RA_ObjRelClauseThat_gpt2 - 0.099295,RA_SentComp_txl - 0.180115,RA_ObjRelClauseNoThat_gpt2 - 0.165177,RA_SentComp_txl - 0.106607,SV_ObjRelClauseThat_bert - 0.172924,SV_Simple_txl - 0.139823,SV_Simple_bert - 0.127617,SV_SubjRelClause_gpt2 - 0.136029,RA_ObjRelClauseNoThat_gpt2 - 0.179123,SV_ObjRelClauseThat_txl - 0.126827,SV_Simple_gpt2 - 0.140327,SV_SentComp_txl - 0.094256,SV_Simple_gpt2 - 0.128910,SV_ObjRelClauseNoThat_gpt2 - 0.125846,SV_SentComp_bert - 0.129297,SV_Simple_bert - 0.096789,RA_SentComp_gpt2 - 0.114038,SV_SentComp_gpt2 - 0.153035,SV_SubjRelClause_txl - 0.084625,RA_SentComp_gpt2 - 0.117078,SV_SubjRelClause_gpt2 - 0.068912,SV_SubjRelClause_txl - 0.078409,SV_PP_gpt2 - 0.114599,SV_PP_txl - 0.053457,RA_ObjRelClauseNoThat_bert - 0.087420,SV_SentComp_bert - 0.038219,SV_SubjRelClause_txl - 0.073119,RA_ObjRelClauseNoThat_gpt2 - 0.047959
14,RA_ObjRelClauseNoThat_bert - 0.171527,SV_SentComp_bert - 0.144522,SV_Simple_gpt2 - 0.094627,SV_ObjRelClauseNoThat_txl - 0.144507,RA_SentComp_txl - 0.158686,SV_ObjRelClauseThat_gpt2 - 0.104840,RA_Simple_gpt2 - 0.169733,RA_ObjRelClauseThat_gpt2 - 0.116944,SV_ObjRelClauseThat_gpt2 - 0.106251,RA_ObjRelClauseThat_gpt2 - 0.116989,SV_ObjRelClauseNoThat_gpt2 - 0.165041,SV_SentComp_txl - 0.100967,SV_SubjRelClause_bert - 0.137289,SV_ObjRelClauseThat_gpt2 - 0.089041,SV_SentComp_gpt2 - 0.120381,RA_ObjRelClauseNoThat_bert - 0.120760,RA_Simple_gpt2 - 0.127123,SV_PP_gpt2 - 0.088250,SV_Simple_bert - 0.113518,SV_ObjRelClauseThat_gpt2 - 0.152672,SV_SubjRelClause_bert - 0.083568,RA_Simple_gpt2 - 0.104480,RA_ObjRelClauseThat_gpt2 - 0.060496,SV_PP_bert - 0.072904,RA_SentComp_gpt2 - 0.085649,RA_ObjRelClauseThat_bert - 0.052858,SV_PP_gpt2 - 0.073330,SV_ObjRelClauseThat_gpt2 - 0.032345,RA_Simple_bert - 0.056253,RA_ObjRelClauseThat_txl - 0.038589
15,RA_ObjRelClauseThat_bert - 0.155438,SV_SubjRelClause_gpt2 - 0.143681,SV_SubjRelClause_txl - 0.093667,SV_ObjRelClauseNoThat_gpt2 - 0.136886,SV_Simple_gpt2 - 0.147183,SV_ObjRelClauseThat_txl - 0.088004,RA_ObjRelClauseNoThat_gpt2 - 0.162729,SV_PP_bert - 0.112493,SV_PP_gpt2 - 0.093155,RA_SentComp_gpt2 - 0.109425,SV_Simple_bert - 0.161608,RA_Simple_gpt2 - 0.079000,RA_ObjRelClauseThat_bert - 0.122905,SV_Simple_gpt2 - 0.081264,SV_ObjRelClauseNoThat_bert - 0.109084,RA_ObjRelClauseThat_bert - 0.119957,RA_ObjRelClauseNoThat_gpt2 - 0.118339,RA_ObjRelClauseNoThat_gpt2 - 0.077860,SV_Simple_gpt2 - 0.068590,SV_ObjRelClauseThat_bert - 0.138103,SV_ObjRelClauseNoThat_bert - 0.080968,SV_SubjRelClause_txl - 0.093184,SV_Simple_bert - 0.059758,SV_PP_txl - 0.072614,SV_Simple_gpt2 - 0.082481,SV_ObjRelClauseThat_bert - 0.051301,SV_Simple_gpt2 - 0.059033,SV_ObjRelClauseNoThat_bert - 0.030428,SV_ObjRelClauseNoThat_txl - 0.045794,SV_PP_bert - 0.029698
16,SV_PP_bert - 0.150390,RA_ObjRelClauseNoThat_gpt2 - 0.119056,RA_SentComp_gpt2 - 0.091876,SV_SentComp_bert - 0.105342,SV_ObjRelClauseNoThat_txl - 0.143039,SV_ObjRelClauseNoThat_gpt2 - 0.085396,RA_ObjRelClauseNoThat_bert - 0.162385,RA_Simple_gpt2 - 0.102551,SV_ObjRelClauseNoThat_gpt2 - 0.088939,SV_Simple_txl - 0.103454,SV_PP_txl - 0.143778,RA_ObjRelClauseThat_gpt2 - 0.077840,SV_SentComp_bert - 0.115129,RA_Simple_bert - 0.072974,RA_SentComp_bert - 0.099609,SV_SentComp_bert - 0.100181,SV_ObjRelClauseThat_bert - 0.095732,RA_Simple_bert - 0.077695,SV_SubjRelClause_bert - 0.066755,RA_ObjRelClauseThat_bert - 0.136865,RA_ObjRelClauseNoThat_bert - 0.077583,RA_ObjRelClauseNoThat_bert - 0.089002,RA_SentComp_bert - 0.054426,RA_ObjRelClauseNoThat_gpt2 - 0.060014,RA_SentComp_txl - 0.067682,RA_ObjRelClauseNoThat_bert - 0.045830,SV_PP_bert - 0.052869,SV_SentComp_gpt2 - 0.030200,SV_SentComp_gpt2 - 0.043074,SV_ObjRelClauseNoThat_gpt2 - 0.029185
17,SV_Simple_bert - 0.148975,SV_ObjRelClauseNoThat_bert - 0.096639,RA_Simple_gpt2 - 0.083686,RA_Simple_bert - 0.092931,RA_Simple_txl - 0.142221,RA_Simple_bert - 0.078422,SV_SubjRelClause_bert - 0.155811,RA_ObjRelClauseNoThat_gpt2 - 0.099909,RA_SentComp_bert - 0.068221,SV_SubjRelClause_txl - 0.098782,SV_SubjRelClause_txl - 0.140095,RA_ObjRelClauseThat_txl - 0.070263,SV_Simple_txl - 0.095682,RA_ObjRelClauseNoThat_txl - 0.068906,RA_ObjRelClauseThat_txl - 0.098196,RA_SentComp_txl - 0.088550,RA_SentComp_bert - 0.085200,RA_SentComp_txl - 0.073272,RA_ObjRelClauseThat_txl - 0.066539,SV_PP_gpt2 - 0.124065,RA_Simple_txl - 0.069003,SV_PP_txl - 0.076740,SV_ObjRelClauseNoThat_txl - 0.053614,SV_ObjRelClauseThat_bert - 0.050680,RA_ObjRelClauseThat_bert - 0.052723,SV_ObjRelClauseNoThat_bert - 0.043260,SV_SentComp_bert - 0.043884,SV_SentComp_txl - 0.027591,SV_Simple_gpt2 - 0.026460,SV_SentComp_txl - 0.028573
18,SV_PP_txl - 0.120046,RA_ObjRelClauseThat_txl - 0.087173,SV_Simple_txl - 0.083437,SV_ObjRelClauseThat_gpt2 - 0.089388,RA_Simple_gpt2 - 0.098983,SV_Simple_bert - 0.075182,SV_SentComp_bert - 0.151202,SV_ObjRelClauseNoThat_txl - 0.085044,RA_Simple_bert - 0.056474,SV_SentComp_txl - 0.098563,SV_PP_gpt2 - 0.137323,RA_ObjRelClauseNoThat_gpt2 - 0.067273,RA_Simple_gpt2 - 0.088139,SV_ObjRelClauseThat_txl - 0.050082,SV_SubjRelClause_bert - 0.093720,SV_SubjRelClause_txl - 0.082736,SV_Simple_txl - 0.071461,RA_Simple_gpt2 - 0.068348,SV_SentComp_txl - 0.054123,SV_ObjRelClauseNoThat_txl - 0.113322,SV_ObjRelClauseThat_txl - 0.067585,SV_ObjRelClauseThat_txl - 0.075319,RA_ObjRelClauseThat_bert - 0.052406,SV_SubjRelClause_gpt2 - 0.045531,RA_ObjRelClauseNoThat_bert - 0.050467,SV_PP_gpt2 - 0.034004,SV_Simple_txl - 0.033777,SV_ObjRelClauseThat_txl - 0.021756,SV_PP_bert - 0.016795,SV_ObjRelClauseNoThat_txl - 0.023311
19,SV_SubjRelClause_bert - 0.064864,RA_ObjRelClauseNoThat_txl - 0.082441,SV_SentComp_gpt2 - 0.066319,SV_ObjRelClauseNoThat_bert - 0.086743,SV_SubjRelClause_txl - 0.098784,SV_SentComp_txl - 0.064626,RA_SentComp_gpt2 - 0.141500,SV_Simple_gpt2 - 0.065333,RA_ObjRelClauseThat_gpt2 - 0.055915,SV_PP_txl - 0.083630,RA_ObjRelClauseNoThat_bert - 0.131765,SV_Simple_gpt2 - 0.057601,SV_PP_txl - 0.086539,RA_ObjRelClauseNoThat_gpt2 - 0.049013,SV_SentComp_txl - 0.087652,SV_ObjRelClauseThat_bert - 0.080142,SV_SubjRelClause_gpt2 - 0.049789,RA_SentComp_bert - 0.062145,RA_Simple_gpt2 - 0.051885,SV_ObjRelClauseThat_txl - 0.111139,RA_ObjRelClauseThat_bert - 0.067042,SV_SubjRelClause_gpt2 - 0.068452,SV_ObjRelClauseNoThat_gpt2 - 0.048282,SV_Simple_txl - 0.043087,SV_SentComp_gpt2 - 0.044503,SV_SentComp_txl - 0.026458,SV_SentComp_gpt2 - 0.030434,SV_PP_txl - 0.020218,RA_ObjRelClauseNoThat_gpt2 - 0.015086,SV_ObjRelClauseThat_gpt2 - 0.020423
20,SV_SentComp_gpt2 - 0.059884,SV_ObjRelClauseThat_bert - 0.078273,RA_ObjRelClauseNoThat_txl - 0.052793,SV_SubjRelClause_bert - 0.072469,SV_SubjRelClause_gpt2 - 0.085204,SV_ObjRelClauseNoThat_txl - 0.056532,SV_PP_gpt2 - 0.138848,RA_ObjRelClauseThat_txl - 0.058090,SV_SubjRelClause_gpt2 - 0.053852,RA_SentComp_txl - 0.076599,SV_SentComp_gpt2 - 0.113161,SV_Simple_txl - 0.044779,SV_ObjRelClauseThat_txl - 0.085261,SV_PP_bert - 0.039971,SV_ObjRelClauseThat_gpt2 - 0.080649,SV_Simple_txl - 0.079341,RA_Simple_bert - 0.048082,RA_Simple_txl - 0.057083,SV_Simple_txl - 0.049902,SV_Simple_gpt2 - 0.105230,RA_ObjRelClauseThat_txl - 0.063017,RA_ObjRelClauseThat_gpt2 - 0.049343,RA_Simple_bert - 0.041344,SV_PP_gpt2 - 0.040558,SV_Simple_bert - 0.030681,RA_SentComp_bert - 0.021143,SV_ObjRelClauseNoThat_bert - 0.029553,SV_PP_bert - 0.019163,SV_ObjRelClauseNoThat_bert - 0.013033,SV_SentComp_gpt2 - 0.020377
21,SV_SubjRelClause_txl - 0.039922,RA_Simple_bert - 0.078106,SV_Simple_bert - 0.030835,RA_SentComp_bert - 0.066758,RA_ObjRelClauseNoThat_bert - 0.082916,RA_SentComp_bert - 0.042427,SV_SubjRelClause_txl - 0.136227,RA_SentComp_bert - 0.048637,SV_SubjRelClause_txl - 0.049094,RA_ObjRelClauseThat_bert - 0.069430,RA_Simple_gpt2 - 0.108829,SV_PP_txl - 0.042350,SV_ObjRelClauseThat_gpt2 - 0.080033,RA_SentComp_txl - 0.036774,SV_Simple_txl - 0.078321,RA_SentComp_gpt2 - 0.064547,SV_ObjRelClauseNoThat_gpt2 - 0.042392,SV_Simple_gpt2 - 0.049857,SV_SubjRelClause_txl - 0.045148,SV_SubjRelClause_txl - 0.091291,RA_ObjRelClauseNoThat_txl - 0.048920,SV_SubjRelClause_bert - 0.042145,SV_SubjRelClause_bert - 0.037250,SV_SentComp_bert - 0.039629,SV_ObjRelClauseThat_gpt2 - 0.027267,SV_SubjRelClause_bert - 0.015745,SV_PP_txl - 0.027658,SV_Simple_txl - 0.018240,SV_PP_gpt2 - 0.012943,SV_Simple_bert - 0.018367
22,SV_ObjRelClauseThat_gpt2 - 0.037966,RA_Simple_txl - 0.072329,RA_SentComp_txl - 0.028882,SV_ObjRelClauseThat_bert - 0.058730,RA_Simple_bert - 0.064449,RA_ObjRelClauseThat_bert - 0.037058,SV_ObjRelClauseNoThat_txl - 0.131623,RA_Simple_bert - 0.039333,RA_ObjRelClauseThat_txl - 0.045190,RA_ObjRelClauseNoThat_gpt2 - 0.068815,RA_SentComp_gpt2 - 0.099704,SV_Simple_bert - 0.040245,RA_Simple_txl - 0.061662,SV_SubjRelClause_bert - 0.032186,RA_ObjRelClauseThat_bert - 0.076543,SV_Simple_gpt2 - 0.063016,RA_SentComp_txl - 0.039494,SV_ObjRelClauseNoThat_txl - 0.049313,RA_SentComp_txl - 0.042754,RA_SentComp_bert - 0.071202,SV_SubjRelClause_gpt2 - 0.043399,SV_ObjRelClauseNoThat_gpt2 - 0.025223,SV_Simple_txl - 0.025496,SV_SubjRelClause_bert - 0.038914,SV_SubjRelClause_txl - 0.026612,RA_Simple_bert - 0.013788,RA_SentComp_txl - 0.026840,SV_ObjRelClauseThat_bert - 0.014378,SV_SubjRelClause_bert - 0.012836,RA_ObjRelClauseThat_gpt2 - 0.015342
23,SV_SentComp_bert - 0.031623,RA_SentComp_bert - 0.059235,SV_SentComp_txl - 0.028553,SV_PP_txl - 0.054861,RA_SentComp_gpt2 - 0.061134,RA_ObjRelClauseNoThat_bert - 0.035555,RA_Simple_bert - 0.126419,SV_ObjRelClauseThat_gpt2 - 0.033793,RA_Simple_gpt2 - 0.036703,SV_ObjRelClauseNoThat_bert - 0.056671,RA_SentComp_txl - 0.091700,RA_Simple_txl - 0.032651,SV_ObjRelClauseNoThat_bert - 0.056487,RA_ObjRelClauseNoThat_bert - 0.021999,SV_PP_txl - 0.071443,RA_ObjRelClauseThat_gpt2 - 0.057613,SV_ObjRelClauseThat_txl - 0.039275,RA_ObjRelClauseThat_bert - 0.047310,RA_Simple_bert - 0.042455,SV_SubjRelClause_bert - 0.068932,RA_SentComp_bert - 0.043276,SV_ObjRelClauseNoThat_txl - 0.019337,SV_SentComp_bert - 0.021854,RA_Simple_gpt2 - 0.035708,SV_SentComp_bert - 0.023427,SV_Simple_txl - 0.013544,SV_Simple_bert - 0.024982,SV_Simple_gpt2 - 0.013021,SV_Simple_bert - 0.010036,SV_SubjRelClause_gpt2 - 0.013307
24,SV_ObjRelClauseNoThat_bert - 0.030633,RA_SentComp_txl - 0.057376,RA_Simple_txl - 0.027169,RA_ObjRelClauseThat_gpt2 - 0.053352,SV_PP_txl - 0.056552,RA_Simple_gpt2 - 0.025793,SV_Simple_txl - 0.097789,RA_ObjRelClauseNoThat_txl - 0.033081,SV_ObjRelClauseNoThat_bert - 0.036320,RA_Simple_txl - 0.052575,RA_Simple_txl - 0.069891,RA_ObjRelClauseNoThat_bert - 0.030472,RA_ObjRelClauseThat_gpt2 - 0.055983,RA_ObjRelClauseThat_bert - 0.010753,RA_Simple_bert - 0.056850,RA_Simple_txl - 0.051783,SV_SentComp_txl - 0.036714,RA_ObjRelClauseNoThat_bert - 0.040617,RA_ObjRelClauseThat_gpt2 - 0.032146,SV_PP_txl - 0.063726,SV_SentComp_bert - 0.033407,RA_Simple_bert - 0.017137,SV_PP_bert - 0.013084,SV_ObjRelClauseNoThat_txl - 0.028618,SV_SubjRelClause_gpt2 - 0.022102,SV_PP_bert - 0.009978,RA_Simple_txl - 0.019216,SV_ObjRelClauseNoThat_gpt2 - 0.011066,SV_SubjRelClause_gpt2 - 0.010026,SV_Simple_gpt2 - 0.011844
25,SV_ObjRelClauseNoThat_gpt2 - 0.026526,RA_ObjRelClauseNoThat_bert - 0.021275,RA_ObjRelClauseThat_txl - 0.020481,SV_Simple_txl - 0.050546,RA_SentComp_bert - 0.046169,SV_SubjRelClause_gpt2 - 0.020198,RA_SentComp_bert - 0.089816,SV_ObjRelClauseNoThat_gpt2 - 0.032178,SV_ObjRelClauseThat_txl - 0.033955,RA_ObjRelClauseNoThat_txl - 0.045403,SV_PP_bert - 0.048372,SV_ObjRelClauseNoThat_gpt2 - 0.030227,RA_SentComp_gpt2 - 0.053950,SV_SubjRelClause_txl - 0.008545,RA_SentComp_gpt2 - 0.045646,SV_Simple_bert - 0.049273,RA_Simple_txl - 0.034340,SV_SubjRelClause_bert - 0.039342,RA_ObjRelClauseNoThat_txl - 0.029324,RA_ObjRelClauseNoThat_bert - 0.059164,SV_ObjRelClauseThat_bert - 0.023714,SV_ObjRelClauseThat_bert - 0.010761,RA_ObjRelClauseNoThat_bert - 0.012870,SV_ObjRelClauseThat_gpt2 - 0.025041,SV_ObjRelClauseThat_bert - 0.007510,SV_Simple_bert - 0.007166,SV_ObjRelClauseThat_bert - 0.018417,SV_SubjRelClause_bert - 0.006739,SV_ObjRelClauseThat_bert - 0.009450,SV_SubjRelClause_bert - 0.011142
26,SV_ObjRelClauseThat_bert - 0.025540,SV_PP_gpt2 - 0.018050,SV_PP_txl - 0.016107,SV_SentComp_txl - 0.031549,RA_ObjRelClauseThat_bert - 0.039377,RA_SentComp_gpt2 - 0.011988,SV_SubjRelClause_gpt2 - 0.083284,RA_ObjRelClauseNoThat_bert - 0.015333,RA_Simple_txl - 0.023779,SV_ObjRelClauseThat_bert - 0.045314,SV_SubjRelClause_gpt2 - 0.042912,RA_SentComp_txl - 0.019708,RA_ObjRelClauseNoThat_gpt2 - 0.013749,RA_ObjRelClauseThat_txl - 0.007630,RA_ObjRelClauseThat_gpt2 - 0.037848,RA_Simple_gpt2 - 0.034196,SV_ObjRelClauseThat_gpt2 - 0.024669,SV_SentComp_gpt2 - 0.038714,SV_SubjRelClause_gpt2 - 0.023943,SV_SentComp_txl - 0.040875,SV_ObjRelClauseThat_gpt2 - 0.022553,SV_ObjRelClauseThat_gpt2 - 0.010285,SV_SentComp_gpt2 - 0.006942,SV_ObjRelClauseNoThat_bert - 0.020658,SV_SubjRelClause_bert - 0.005191,RA_Simple_gpt2 - 0.003605,SV_SentComp_txl - 0.016043,SV_Simple_bert - 0.005416,SV_ObjRelClauseNoThat_gpt2 - 0.008562,SV_SentComp_bert - 0.007719
27,SV_SubjRelClause_gpt2 - 0.017901,RA_ObjRelClauseThat_bert - 0.013398,RA_Simple_bert - 0.013595,RA_SentComp_gpt2 - 0.025994,SV_PP_bert - 0.021909,SV_Simple_gpt2 - 0.007315,SV_SentComp_txl - 0.080127,RA_ObjRelClauseThat_bert - 0.012735,RA_SentComp_gpt2 - 0.018773,RA_ObjRelClauseThat_txl - 0.013079,SV_ObjRelClauseThat_bert - 0.035167,SV_ObjRelClauseThat_bert - 0.018313,SV_SubjRelClause_gpt2 - 0.012487,RA_Simple_txl - 0.006736,RA_Simple_txl - 0.034761,RA_ObjRelClauseNoThat_txl - 0.031715,RA_ObjRelClauseThat_txl - 0.020789,SV_PP_bert - 0.036582,RA_Simple_txl - 0.021803,SV_ObjRelClauseNoThat_gpt2 - 0.038265,RA_SentComp_txl - 0.017983,RA_SentComp_bert - 0.009958,SV_SentComp_txl - 0.006024,SV_ObjRelClauseNoThat_gpt2 - 0.019748,SV_ObjRelClauseNoThat_bert - 0.004013,SV_SentComp_bert - 0.002753,RA_ObjRelClauseThat_bert - 0.008479,RA_ObjRelClauseThat_txl - 0.004975,SV_SentComp_bert - 0.003855,SV_PP_txl - 0.004330
28,SV_ObjRelClauseNoThat_txl - 0.009135,SV_SubjRelClause_bert - 0.005332,SV_ObjRelClauseNoThat_txl - 0.007654,RA_Simple_gpt2 - 0.023819,RA_ObjRelClauseThat_txl - 0.019953,RA_ObjRelClauseNoThat_gpt2 - 0.005836,SV_ObjRelClauseThat_txl - 0.031364,SV_SubjRelClause_txl - 0.006469,RA_SentComp_txl - 0.008889,SV_PP_bert - 0.010550,SV_ObjRelClauseNoThat_bert - 0.030147,RA_SentComp_gpt2 - 0.009302,RA_SentComp_txl - 0.011894,SV_PP_txl - 0.002984,RA_ObjRelClauseNoThat_txl - 0.012464,SV_SubjRelClause_gpt2 - 0.027165,SV_SubjRelClause_bert - 0.003510,SV_SentComp_txl - 0.027765,SV_SentComp_gpt2 - 0.003158,SV_ObjRelClauseNoThat_bert - 0.007253,SV_PP_txl - 0.010192,RA_Simple_txl - 0.009742,RA_SentComp_txl - 0.004676,RA_ObjRelClauseThat_bert - 0.019736,SV_PP_bert - 0.001861,SV_SentComp_gpt2 - 0.000738,SV_SubjRelClause_bert - 0.006970,SV_SubjRelClause_txl - 0.004221,SV_ObjRelClauseThat_gpt2 - 0.001761,SV_Simple_txl - 0.001617
29,SV_ObjRelClauseThat_txl - 0.005682,SV_PP_bert - 0.003408,RA_SentComp_bert - 0.004391,RA_ObjRelClauseNoThat_gpt2 - 0.002262,RA_ObjRelClauseNoThat_txl - 0.008329,RA_ObjRelClauseThat_gpt2 - 0.003537,SV_Simple_gpt2 - 0.001069,RA_SentComp_gpt2 - 0.004655,RA_ObjRelClauseNoThat_gpt2 - 0.003398,RA_ObjRelClauseNoThat_bert - 0.005119,RA_ObjRelClauseThat_txl - 0.014784,RA_ObjRelClauseThat_bert - 0.007763,RA_ObjRelClauseNoThat_txl - 0.006398,SV_Simple_txl - 0.002546,RA_SentComp_txl - 0.003822,RA_ObjRelClauseThat_txl - 0.001477,SV_PP_gpt2 - 0.001912,RA_ObjRelClauseThat_txl - 0.012736,RA_ObjRelClauseThat_bert - 0.001630,SV_SentComp_bert - 0.002392,SV_ObjRelClauseNoThat_txl - 0.005844,SV_SentComp_bert - 0.005151,SV_ObjRelClauseThat_bert - 0.002822,SV_Simple_bert - 0.019259,SV_PP_txl - 0.001408,SV_SubjRelClause_gpt2 - 0.000561,SV_SubjRelClause_gpt2 - 0.006259,RA_ObjRelClauseThat_gpt2 - 0.002593,RA_ObjRelClauseNoThat_txl - 0.000112,SV_PP_gpt2 - 0.000236
